Workbook

Sheet Transactions
A1: TransactionID | B1: MerchantID | C1: Date | D1: Hour | E1: Amount | F1: Status | G1: PaymentMethod | H1: FailureReason | I1: Market | J1: Channel
A2: TXN011486 | B2: M0039 | C2: 44927 | D2: 12 | E2: 3573.79 | F2: Success | G2: BNPL | I2: MKT001 | J2: POS
A3: TXN013285 | B3: M0048 | C3: 44927 | D3: 15 | E3: 26352.22 | F3: Success | G3: Wallet | I3: MKT004 | J3: Online
A4: TXN013170 | B4: M0020 | C4: 44927 | D4: 17 | E4: 4312.37 | F4: Success | G4: Card | I4: MKT005 | J4: Online
A5: TXN011414 | B5: M0001 | C5: 44927 | D5: 8 | E5: 14159.75 | F5: Success | G5: BNPL | I5: MKT001 | J5: POS
A6: TXN005265 | B6: M0037 | C6: 44927 | D6: 22 | E6: 3036.46 | F6: Success | G6: Bank Transfer | I6: MKT001 | J6: Online
A7: TXN001512 | B7: M0043 | C7: 44927 | D7: 17 | E7: 12792.69 | F7: Failed | G7: Card | H7: Expired Card | I7: MKT003 | J7: POS
A8: TXN002535 | B8: M0009 | C8: 44927 | D8: 17 | E8: 1450.27 | F8: Success | G8: Bank Transfer | I8: MKT001 | J8: POS
A9: TXN005609 | B9: M0003 | C9: 44927 | D9: 13 | E9: 2614.57 | F9: Success | G9: BNPL | I9: MKT003 | J9: Online
A10: TXN007942 | B10: M0001 | C10: 44927 | D10: 16 | E10: 16942.9 | F10: Success | G10: Wallet | I10: MKT001 | J10: Online
A11: TXN014975 | B11: M0044 | C11: 44927 | D11: 6 | E11: 2951.72 | F11: Failed | G11: Card | H11: Fraud Suspicion | I11: MKT001 | J11: Online
A12: TXN003442 | B12: M0004 | C12: 44927 | D12: 14 | E12: 1080.01 | F12: Success | G12: BNPL | I12: MKT002 | J12: POS
A13: TXN013319 | B13: M0011 | C13: 44927 | D13: 20 | E13: 17534.25 | F13: Success | G13: Card | I13: MKT004 | J13: Online
A14: TXN000767 | B14: M0001 | C14: 44927 | D14: 18 | E14: 26404.15 | F14: Success | G14: Wallet | I14: MKT001 | J14: POS
A15: TXN012961 | B15: M0011 | C15: 44927 | D15: 0 | E15: 19100.08 | F15: Failed | G15: BNPL | H15: Insufficient Funds | I15: MKT004 | J15: POS
A16: TXN006487 | B16: M0005 | C16: 44928 | D16: 22 | E16: 4000.31 | F16: Success | G16: Card | I16: MKT002 | J16: Online
A17: TXN009825 | B17: M0018 | C17: 44928 | D17: 14 | E17: 4668.16 | F17: Success | G17: Wallet | I17: MKT005 | J17: Online
A18: TXN013975 | B18: M0044 | C18: 44928 | D18: 18 | E18: 4522.21 | F18: Failed | G18: BNPL | H18: Invalid CVV | I18: MKT001 | J18: Online
A19: TXN003089 | B19: M0019 | C19: 44928 | D19: 15 | E19: 40484.26 | F19: Success | G19: BNPL | I19: MKT001 | J19: POS
A20: TXN001762 | B20: M0038 | C20: 44928 | D20: 19 | E20: 2451.77 | F20: Success | G20: Wallet | I20: MKT004 | J20: Online
A21: TXN008263 | B21: M0039 | C21: 44928 | D21: 18 | E21: 22821.87 | F21: Success | G21: Card | I21: MKT001 | J21: POS
A22: TXN002020 | B22: M0033 | C22: 44928 | D22: 16 | E22: 30723.04 | F22: Failed | G22: Bank Transfer | H22: Fraud Suspicion | I22: MKT002 | J22: Online
A23: TXN008171 | B23: M0032 | C23: 44928 | D23: 19 | E23: 26146.96 | F23: Success | G23: Wallet | I23: MKT003 | J23: Online
A24: TXN004509 | B24: M0032 | C24: 44928 | D24: 15 | E24: 22382.51 | F24: Success | G24: BNPL | I24: MKT003 | J24: Online
A25: TXN003589 | B25: M0022 | C25: 44928 | D25: 8 | E25: 4395.67 | F25: Success | G25: Wallet | I25: MKT005 | J25: Online
A26: TXN005099 | B26: M0015 | C26: 44928 | D26: 13 | E26: 253.46 | F26: Success | G26: Wallet | I26: MKT002 | J26: Online
A27: TXN005711 | B27: M0023 | C27: 44928 | D27: 9 | E27: 3614.12 | F27: Success | G27: Bank Transfer | I27: MKT004 | J27: POS
A28: TXN012980 | B28: M0040 | C28: 44928 | D28: 17 | E28: 11327.73 | F28: Success | G28: Wallet | I28: MKT003 | J28: Online
A29: TXN010808 | B29: M0010 | C29: 44928 | D29: 12 | E29: 849.67 | F29: Failed | G29: Wallet | H29: Expired Card | I29: MKT005 | J29: POS
A30: TXN004247 | B30: M0003 | C30: 44928 | D30: 10 | E30: 1379.14 | F30: Success | G30: Card | I30: MKT003 | J30: POS
A31: TXN010539 | B31: M0010 | C31: 44928 | D31: 15 | E31: 3592.66 | F31: Success | G31: Bank Transfer | I31: MKT005 | J31: Online
A32: TXN013529 | B32: M0030 | C32: 44928 | D32: 15 | E32: 3712.48 | F32: Failed | G32: Bank Transfer | H32: Invalid CVV | I32: MKT004 | J32: Online
A33: TXN014022 | B33: M0018 | C33: 44928 | D33: 10 | E33: 520.47 | F33: Success | G33: Bank Transfer | I33: MKT005 | J33: Online
A34: TXN011360 | B34: M0011 | C34: 44928 | D34: 15 | E34: 15327.45 | F34: Success | G34: BNPL | I34: MKT004 | J34: Online
A35: TXN003849 | B35: M0013 | C35: 44929 | D35: 17 | E35: 18709.29 | F35: Pending | G35: Wallet | I35: MKT001 | J35: POS
A36: TXN013411 | B36: M0027 | C36: 44929 | D36: 8 | E36: 866.64 | F36: Success | G36: Bank Transfer | I36: MKT003 | J36: POS
A37: TXN010576 | B37: M0033 | C37: 44929 | D37: 20 | E37: 26550.87 | F37: Success | G37: Card | I37: MKT002 | J37: Online
A38: TXN014804 | B38: M0038 | C38: 44929 | D38: 8 | E38: 4019.43 | F38: Pending | G38: Card | I38: MKT004 | J38: Online
A39: TXN005235 | B39: M0008 | C39: 44929 | D39: 14 | E39: 4253.5 | F39: Success | G39: Wallet | I39: MKT005 | J39: Online
A40: TXN006320 | B40: M0021 | C40: 44929 | D40: 6 | E40: 2647.54 | F40: Success | G40: BNPL | I40: MKT002 | J40: POS
A41: TXN000081 | B41: M0011 | C41: 44929 | D41: 19 | E41: 20721.62 | F41: Success | G41: Bank Transfer | I41: MKT004 | J41: Online
A42: TXN003077 | B42: M0012 | C42: 44929 | D42: 21 | E42: 1305.73 | F42: Success | G42: Bank Transfer | I42: MKT001 | J42: POS
A43: TXN001304 | B43: M0042 | C43: 44929 | D43: 14 | E43: 3051.76 | F43: Pending | G43: Card | I43: MKT005 | J43: Online
A44: TXN002595 | B44: M0022 | C44: 44929 | D44: 8 | E44: 540.89 | F44: Success | G44: Wallet | I44: MKT005 | J44: POS
... A48: TXN003197 | B48: M0013 | C48: 44929 | D48: 21 | E48: 34268.01 | F48: Success | G48: Card | I48: MKT001 | J48: Online
A49: TXN000144 | B49: M0039 | C49: 44929 | D49: 11 | E49: 14225.1 | F49: Failed | G49: Wallet | H49: Expired Card | I49: MKT001 | J49: POS
A50: TXN009657 | B50: M0023 | C50: 44929 | D50: 21 | E50: 1697.13 | F50: Success | G50: Card | I50: MKT004 | J50: POS
A51: TXN005682 | B51: M0006 | C51: 44929 | D51: 14 | E51: 4322.75 | F51: Success | G51: Bank Transfer | I51: MKT002 | J51: POS
A52: TXN003402 | B52: M0046 | C52: 44929 | D52: 8 | E52: 3588.2 | F52: Failed | G52: BNPL | H52: Fraud Suspicion | I52: MKT005 | J52: Online
A53: TXN014674 | B53: M0031 | C53: 44929 | D53: 18 | E53: 418.94 | F53: Success | G53: Bank Transfer | I53: MKT003 | J53: POS
A54: TXN003925 | B54: M0031 | C54: 44929 | D54: 23 | E54: 271.88 | F54: Success | G54: Card | I54: MKT003 | J54: Online
A55: TXN006148 | B55: M0029 | C55: 44929 | D55: 14 | E55: 1477.77 | F55: Success | G55: Bank Transfer | I55: MKT002 | J55: Online
A56: TXN008789 | B56: M0010 | C56: 44929 | D56: 8 | E56: 789.77 | F56: Success | G56: Bank Transfer | I56: MKT005 | J56: Online
A57: TXN010894 | B57: M0040 | C57: 44929 | D57: 12 | E57: 46164.2 | F57: Success | G57: Card | I57: MKT003 | J57: Online
A58: TXN013983 | B58: M0010 | C58: 44930 | D58: 10 | E58: 584.2 | F58: Pending | G58: Card | I58: MKT005 | J58: POS
A59: TXN013789 | B59: M0007 | C59: 44930 | D59: 17 | E59: 26215.39 | F59: Success | G59: Card | I59: MKT001 | J59: Online
A60: TXN006492 | B60: M0035 | C60: 44930 | D60: 11 | E60: 3439.93 | F60: Pending | G60: Bank Transfer | I60: MKT003 | J60: POS
A61: TXN013788 | B61: M0024 | C61: 44930 | D61: 7 | E61: 17847.76 | F61: Failed | G61: BNPL | H61: Network Timeout | I61: MKT002 | J61: Online
A62: TXN002612 | B62: M0008 | C62: 44930 | D62: 0 | E62: 4768.86 | F62: Success | G62: Card | I62: MKT005 | J62: POS
A63: TXN004713 | B63: M0048 | C63: 44930 | D63: 10 | E63: 1050.56 | F63: Success | G63: Wallet | I63: MKT004 | J63: POS
A64: TXN013347 | B64: M0018 | C64: 44930 | D64: 14 | E64: 2755.2 | F64: Success | G64: Card | I64: MKT005 | J64: POS
A65: TXN007725 | B65: M0047 | C65: 44930 | D65: 20 | E65: 48145.45 | F65: Success | G65: Bank Transfer | I65: MKT001 | J65: Online
A66: TXN002381 | B66: M0041 | C66: 44930 | D66: 19 | E66: 16697.11 | F66: Success | G66: Bank Transfer | I66: MKT003 | J66: POS
A67: TXN005933 | B67: M0011 | C67: 44930 | D67: 10 | E67: 45645.62 | F67: Success | G67: Card | I67: MKT004 | J67: POS
A68: TXN008039 | B68: M0034 | C68: 44930 | D68: 11 | E68: 23312.05 | F68: Success | G68: Wallet | I68: MKT002 | J68: POS
A69: TXN010659 | B69: M0049 | C69: 44930 | D69: 13 | E69: 5876.24 | F69: Success | G69: Wallet | I69: MKT001 | J69: Online
A70: TXN014438 | B70: M0045 | C70: 44930 | D70: 13 | E70: 4823.14 | F70: Failed | G70: Card | H70: Insufficient Funds | I70: MKT004 | J70: Online
A71: TXN014064 | B71: M0015 | C71: 44930 | D71: 13 | E71: 509.93 | F71: Success | G71: Card | I71: MKT002 | J71: POS
A72: TXN014417 | B72: M0014 | C72: 44930 | D72: 17 | E72: 25579.09 | F72: Success | G72: BNPL | I72: MKT001 | J72: POS
A73: TXN005305 | B73: M0027 | C73: 44930 | D73: 13 | E73: 3462.45 | F73: Success | G73: Bank Transfer | I73: MKT003 | J73: POS
A74: TXN013629 | B74: M0047 | C74: 44930 | D74: 20 | E74: 10229.28 | F74: Success | G74: Card | I74: MKT001 | J74: Online
A75: TXN004411 | B75: M0047 | C75: 44930 | D75: 7 | E75: 40572.34 | F75: Failed | G75: BNPL | H75: Expired Card | I75: MKT001 | J75: Online
A76: TXN008173 | B76: M0008 | C76: 44930 | D76: 14 | E76: 1260.41 | F76: Success | G76: Wallet | I76: MKT005 | J76: Online
A77: TXN003085 | B77: M0012 | C77: 44930 | D77: 17 | E77: 18817.88 | F77: Failed | G77: BNPL | H77: Fraud Suspicion | I77: MKT001 | J77: POS
A78: TXN004241 | B78: M0001 | C78: 44930 | D78: 16 | E78: 48436.52 | F78: Success | G78: Bank Transfer | I78: MKT001 | J78: Online
A79: TXN000398 | B79: M0025 | C79: 44931 | D79: 13 | E79: 35384.41 | F79: Success | G79: Wallet | I79: MKT004 | J79: Online
A80: TXN003520 | B80: M0027 | C80: 44931 | D80: 9 | E80: 1728.71 | F80: Success | G80: Wallet | I80: MKT003 | J80: Online
A81: TXN006206 | B81: M0006 | C81: 44931 | D81: 21 | E81: 672.96 | F81: Success | G81: Bank Transfer | I81: MKT002 | J81: Online
A82: TXN008738 | B82: M0017 | C82: 44931 | D82: 7 | E82: 5122.72 | F82: Success | G82: Card | I82: MKT005 | J82: POS
A83: TXN009939 | B83: M0035 | C83: 44931 | D83: 20 | E83: 2015.3 | F83: Success | G83: Wallet | I83: MKT003 | J83: POS
A84: TXN006153 | B84: M0016 | C84: 44931 | D84: 7 | E84: 1829.76 | F84: Success | G84: BNPL | I84: MKT002 | J84: POS
A85: TXN008872 | B85: M0002 | C85: 44931 | D85: 8 | E85: 23478.18 | F85: Success | G85: BNPL | I85: MKT001 | J85: POS
A86: TXN013722 | B86: M0030 | C86: 44931 | D86: 17 | E86: 2574.27 | F86: Success | G86: Wallet | I86: MKT004 | J86: Online
A87: TXN005468 | B87: M0030 | C87: 44931 | D87: 19 | E87: 301.4 | F87: Success | G87: Card | I87: MKT004 | J87: POS
A88: TXN003761 | B88: M0002 | C88: 44931 | D88: 8 | E88: 28768.55 | F88: Success | G88: Wallet | I88: MKT001 | J88: POS
A89: TXN001055 | B89: M0010 | C89: 44931 | D89: 23 | E89: 4851.35 | F89: Success | G89: BNPL | I89: MKT005 | J89: POS
... A99: TXN006629 | B99: M0011 | C99: 44932 | D99: 15 | E99: 41124.14 | F99: Success | G99: Wallet | I99: MKT004 | J99: Online
A100: TXN004326 | B100: M0021 | C100: 44932 | D100: 22 | E100: 4793.7 | F100: Failed | G100: Wallet | H100: Invalid CVV | I100: MKT002 | J100: POS
A101: TXN004036 | B101: M0018 | C101: 44932 | D101: 23 | E101: 54.11 | F101: Success | G101: Bank Transfer | I101: MKT005 | J101: POS
A102: TXN001024 | B102: M0037 | C102: 44932 | D102: 22 | E102: 21179.71 | F102: Success | G102: Card | I102: MKT001 | J102: POS
A103: TXN011931 | B103: M0047 | C103: 44932 | D103: 17 | E103: 21532.97 | F103: Success | G103: BNPL | I103: MKT001 | J103: Online
A104: TXN004040 | B104: M0019 | C104: 44932 | D104: 15 | E104: 7614.15 | F104: Success | G104: Wallet | I104: MKT001 | J104: POS
A105: TXN004287 | B105: M0031 | C105: 44932 | D105: 20 | E105: 1993.15 | F105: Success | G105: Wallet | I105: MKT003 | J105: Online
A106: TXN005744 | B106: M0028 | C106: 44932 | D106: 23 | E106: 42314.71 | F106: Success | G106: BNPL | I106: MKT001 | J106: Online
A107: TXN002641 | B107: M0027 | C107: 44932 | D107: 11 | E107: 3413.43 | F107: Success | G107: BNPL | I107: MKT003 | J107: Online
A108: TXN009653 | B108: M0003 | C108: 44932 | D108: 10 | E108: 2093.67 | F108: Success | G108: BNPL | I108: MKT003 | J108: Online
A109: TXN001734 | B109: M0035 | C109: 44932 | D109: 13 | E109: 4671.87 | F109: Success | G109: Card | I109: MKT003 | J109: Online
A110: TXN001545 | B110: M0007 | C110: 44932 | D110: 22 | E110: 17811.22 | F110: Success | G110: Wallet | I110: MKT001 | J110: Online
A111: TXN003729 | B111: M0036 | C111: 44932 | D111: 9 | E111: 2708.86 | F111: Success | G111: Card | I111: MKT001 | J111: POS
A112: TXN009103 | B112: M0040 | C112: 44932 | D112: 11 | E112: 24604.68 | F112: Success | G112: BNPL | I112: MKT003 | J112: Online
...

Sheet Merchants
A1: MerchantID | B1: MerchantName | C1: Segment | D1: Industry | E1: Market | F1: OnboardingDate | G1: LastTransactionDate | H1: DaysSinceLastTransaction | I1: RiskFlag | J1: Merchant Tenure
A2: M0001 | B2: Cairo Bites | C2: Enterprise | D2: Retail | E2: MKT001 | F2: 45467 | G2: 45727 | H2: 20 | I2: Active | J2: =ABS(Merchants[[#This Row],[OnboardingDate]]-Merchants[[#This Row],[LastTransactionDate]]) -> 260
A3: M0002 | B3: Nile Retail | C3: Enterprise | D3: Healthcare | E3: MKT001 | F3: 45360 | G3: 45606 | H3: 141 | I3: Churned | J3: =ABS(Merchants[[#This Row],[OnboardingDate]]-Merchants[[#This Row],[LastTransactionDate]]) -> 246
A4: M0003 | B4: AlAhly Travel | C4: SME | D4: Food | E4: MKT003 | F4: 45143 | G4: 45722 | H4: 25 | I4: Active | J4: =ABS(Merchants[[#This Row],[OnboardingDate]]-Merchants[[#This Row],[LastTransactionDate]]) -> 579
A5: M0004 | B5: MedPlus Health | C5: SME | D5: Food | E5: MKT002 | F5: 45479 | G5: 45740 | H5: 7 | I5: Active | J5: =ABS(Merchants[[#This Row],[OnboardingDate]]-Merchants[[#This Row],[LastTransactionDate]]) -> 261
A6: M0005 | B6: Desert Fashion | C6: SME | D6: Food | E6: MKT002 | F6: 45132 | G6: 45670 | H6: 77 | I6: High Risk | J6: =ABS(Merchants[[#This Row],[OnboardingDate]]-Merchants[[#This Row],[LastTransactionDate]]) -> 538
A7: M0006 | B7: Karachi Kitchens | C7: SME | D7: Retail | E7: MKT002 | F7: 45246 | G7: 45734 | H7: 13 | I7: Active | J7: =ABS(Merchants[[#This Row],[OnboardingDate]]-Merchants[[#This Row],[LastTransactionDate]]) -> 488
A8: M0007 | B8: Lahore Mart | C8: Enterprise | D8: Retail | E8: MKT001 | F8: 45335 | G8: 45673 | H8: 74 | I8: High Risk | J8: =ABS(Merchants[[#This Row],[OnboardingDate]]-Merchants[[#This Row],[LastTransactionDate]]) -> 338
A9: M0008 | B9: PakAir Travels | C9: SME | D9: Healthcare | E9: MKT005 | F9: 45309 | G9: 45688 | H9: 59 | I9: At Risk | J9: =ABS(Merchants[[#This Row],[OnboardingDate]]-Merchants[[#This Row],[LastTransactionDate]]) -> 379
A10: M0009 | B10: CityHealth PK | C10: SME | D10: Food | E10: MKT001 | F10: 45375 | G10: 45554 | H10: 193 | I10: Churned | J10: =ABS(Merchants[[#This Row],[OnboardingDate]]-Merchants[[#This Row],[LastTransactionDate]]) -> 179
A11: M0010 | B11: TechStore PK | C11: SME | D11: Healthcare | E11: MKT005 | F11: 45456 | G11: 45730 | H11: 17 | I11: Active | J11: =ABS(Merchants[[#This Row],[OnboardingDate]]-Merchants[[#This Row],[LastTransactionDate]]) -> 274
A12: M0011 | B12: Nairobi Eats | C12: Enterprise | D12: Healthcare | E12: MKT004 | F12: 45389 | G12: 45574 | H12: 173 | I12: Churned | J12: =ABS(Merchants[[#This Row],[OnboardingDate]]-Merchants[[#This Row],[LastTransactionDate]]) -> 185
A13: M0012 | B13: Savanna Shop | C13: Enterprise | D13: Healthcare | E13: MKT001 | F13: 45050 | G13: 45721 | H13: 26 | I13: Active | J13: =ABS(Merchants[[#This Row],[OnboardingDate]]-Merchants[[#This Row],[LastTransactionDate]]) -> 671
... A51: M0050 | B51: BluNile Retail EG | C51: SME | D51: Travel | E51: MKT005 | F51: 44982 | G51: 45731 | H51: 16 | I51: Active | J51: =ABS(Merchants[[#This Row],[OnboardingDate]]-Merchants[[#This Row],[LastTransactionDate]]) -> 749

Sheet Markets
A1: MarketID | B1: MarketName | C1: Currency | D1: Region
A2: MKT001 | B2: Egypt | C2: EGP | D2: North Africa
A3: MKT002 | B3: Pakistan | C3: PKR | D3: South Asia
A4: MKT003 | B4: Kenya | C4: KES | D4: East Africa
A5: MKT004 | B5: UAE | C5: AED | D5: Middle East
A6: MKT005 | B6: Morocco | C6: MAD | D6: North Africa

Sheet Calendar
A1: Date | B1: Day | C1: Month | D1: MonthName | E1: Quarter | F1: Year | G1: MonthYear
A2: 44927 | B2: Sunday | C2: 1 | D2: January | E2: 1 | F2: 2023 | G2: 44927
A3: 44928 | B3: Monday | C3: 1 | D3: January | E3: 1 | F3: 2023 | G3: 44927
A4: 44929 | B4: Tuesday | C4: 1 | D4: January | E4: 1 | F4: 2023 | G4: 44927
A5: 44930 | B5: Wednesday | C5: 1 | D5: January | E5: 1 | F5: 2023 | G5: 44927
A6: 44931 | B6: Thursday | C6: 1 | D6: January | E6: 1 | F6: 2023 | G6: 44927
A7: 44932 | B7: Friday | C7: 1 | D7: January | E7: 1 | F7: 2023 | G7: 44927
A8: 44933 | B8: Saturday | C8: 1 | D8: January | E8: 1 | F8: 2023 | G8: 44927
A9: 44934 | B9: Sunday | C9: 1 | D9: January | E9: 1 | F9: 2023 | G9: 44927
A10: 44935 | B10: Monday | C10: 1 | D10: January | E10: 1 | F10: 2023 | G10: 44927
A11: 44936 | B11: Tuesday | C11: 1 | D11: January | E11: 1 | F11: 2023 | G11: 44927
A12: 44937 | B12: Wednesday | C12: 1 | D12: January | E12: 1 | F12: 2023 | G12: 44927
A13: 44938 | B13: Thursday | C13: 1 | D13: January | E13: 1 | F13: 2023 | G13: 44927
... A822: 45747 | B822: Monday | C822: 3 | D822: March | E822: 1 | F822: 2025 | G822: 45717

Sheet Measure Table - Merchants
A1: Active Merchants | B1: =COUNTIF(Merchants[RiskFlag],"Active") -> 27
A2: Merchant Churn Rate | B2: =GETPIVOTDATA("Count of MerchantID",A15,"RiskFlag","Churned") -> 0.24
A3: Avg. Days Since Last Transaction | B3: =AVERAGE(Merchants[DaysSinceLastTransaction]) -> 56.24
A4: At-Risk & High-Risk Merchants | B4: =COUNTIF(Merchants[RiskFlag],"At Risk")+COUNTIF(Merchants[RiskFlag],"High Risk")/COUNTA(Merchants[RiskFlag]) -> 6.1
A5: Average Active Merchant Tenure | B5: =AVERAGEIF(Merchants[RiskFlag],"Active",Merchants[Merchant Tenure]) -> 495.51852
A6: Top Merchant Industry | B6: =GETPIVOTDATA("Count of MerchantID",A23,"Industry","Food") -> 16
A12: RiskFLag | B12: Count of MerchantID
A13: Active | B13: 0.54
A14: At Risk | B14: 0.12
A15: Churned | B15: 0.24
A16: High Risk | B16: 0.1
A17: Grand Total | B17: 1
A19: Industry | B19: Count of MerchantID
A20: Travel | B20: 11
A21: Retail | B21: 13
A22: Healthcare | B22: 10
A23: Food | B23: 16
A24: Grand Total | B24: 50
E25: =AVERAGE(D8:D56) -> 0
A33: 1-Merchant Count by Segment
A34: Segment | B34: Count of MerchantID
A35: SME | B35: 24
A36: Enterprise | B36: 26
A37: Grand Total | B37: 50
A39: 2-Merchant RiskFlag Distribution
A40: RiskFLag | B40: Count of MerchantID
A41: Active | B41: 0.54
A42: At Risk | B42: 0.12
A43: Churned | B43: 0.24
A44: High Risk | B44: 0.1
A45: Grand Total | B45: 1
A47: 3-Merchant Count by Industry
A48: Industry | B48: Count of MerchantID
A49: Travel | B49: 11
A50: Retail | B50: 13
A51: Healthcare | B51: 10
A52: Food | B52: 16
A53: Grand Total | B53: 50
A55: 4-Average Days Since Last Transaction by RiskFlag
A56: RiskFLag | B56: Average of DaysSinceLastTransaction | D56: {=D29:D56=TODAY()-Merchants[OnboardingDate]} -> 0
A57: Active | B57: 16.407407
A58: At Risk | B58: 47.833333
A59: Churned | B59: 143.25
A60: High Risk | B60: 72.6
A61: Grand Total | B61: 56.24
A63: 4-Average Days Since Last Transaction by RiskFlag
A64: RiskFLag | B64: Average of DaysSinceLastTransaction
A65: Active | B65: 16.407407
A66: At Risk | B66: 47.833333
A67: Churned | B67: 143.25
A68: High Risk | B68: 72.6
A69: Grand Total | B69: 56.24
A71: 4-Average Days Since Last Transaction by RiskFlag
A72: RiskFLag | B72: Count of MerchantID
A73: MKT001 | B73: 15
A74: MKT002 | B74: 10
A75: MKT003 | B75: 8
A76: MKT004 | B76: 7
A77: MKT005 | B77: 10
A78: Grand Total | B78: 50

Sheet Measure Table - Markets
A2: 1-(KPI) GMV by Market | I2: 1- | J2: Top Market by Successful GMV (EGYPT) | K2: =GETPIVOTDATA("[Measures].[Sum of Amount]",$A$5,"[Markets].[MarketName]","[Markets].[MarketName].&[Egypt]") -> 1.009787e+08
A3: Status | B3: Success | I3: 2- | J3: Top Market Success Rate | K3: =AVERAGE(D16:D20) -> 0.86685851
I4: 3- | J4: Merchant Count–GMV Correlation | K4: =CORREL(B27:B31,C27:C31) -> 0.93051858
A5: Row Labels | B5: Sum of Amount | I5: 4- | J5: Highest Avg. Transaction Value (EGYPT) | K5: =GETPIVOTDATA("[Measures].[Average of Amount]",$A$37,"[Markets].[MarketName]","[Markets].[MarketName].&[Egypt]") -> 25642.127
A6: Egypt | B6: 1.009787e+08 | I6: 5- | J6: Highest Market Failure Rate Kenya — Card Declined | K6: =GETPIVOTDATA("[Measures].[Count of TransactionID]",$A$51,"[Markets].[MarketName]","[Markets].[MarketName].&[Kenya]","[Transactions].[Status]","[Transactions].[Status].&[Failed]") -> 0.087354409
A7: Kenya | B7: 36137433 | I7: 6- | J7: Largest Market GMV Share (EGYPT) | K7: =GETPIVOTDATA("[__Xl2].[Measures].[Sum of Amount]",$A$77,"[Markets].[MarketName]","[Markets].[MarketName].&[Egypt]") -> 0.43217214
A8: Morocco | B8: 31133084
A9: Pakistan | B9: 38086554
A10: UAE | B10: 26807395
A11: Grand Total | B11: 2.3314316e+08
A13: 2-(KPI) Success Rate by Market
A14: Count of TransactionID | B14: Column Labels
A15: Row Labels | B15: Failed | C15: Pending | D15: Success | E15: Grand Total
A16: Egypt | B16: 0.083609821 | C16: 0.04534395 | D16: 0.87104623 | E16: 1
A17: Kenya | B17: 0.087354409 | C17: 0.046589018 | D17: 0.86605657 | E17: 1
A18: Morocco | B18: 0.081298093 | C18: 0.049514888 | D18: 0.86918702 | E18: 1
A19: Pakistan | B19: 0.085517693 | C19: 0.05078637 | D19: 0.86369594 | E19: 1
A20: UAE | B20: 0.084562439 | C20: 0.051130777 | D20: 0.86430678 | E20: 1
A21: Grand Total | B21: 0.084266667 | C21: 0.048266667 | D21: 0.86746667 | E21: 1
A23: 3-(KPI) Merchant Count vs GMV by Market
A24: Status | B24: Success
A26: Row Labels | B26: Distinct Count of MerchantID | C26: Sum of Amount
A27: Egypt | B27: 15 | C27: 1.009787e+08
A28: Kenya | B28: 8 | C28: 36137433
A29: Morocco | B29: 10 | C29: 31133084
A30: Pakistan | B30: 10 | C30: 38086554
A31: UAE | B31: 7 | C31: 26807395
A32: Grand Total | B32: 50 | C32: 2.3314316e+08
A34: 4-(KPI) Merchant Count vs GMV by Market
A35: Status | B35: Success
A37: Row Labels | B37: Average of Amount
A38: Egypt | B38: 25642.127
A39: Kenya | B39: 17357.077
A40: Morocco | B40: 11983.481
A41: Pakistan | B41: 14448.617
A42: UAE | B42: 15248.803
A43: Grand Total | B43: 17917.55
A50: 5-Part1 (KPI) Failure Rate by Market
A51: Count of TransactionID | B51: Column Labels
A52: Row Labels | B52: Failed | C52: Pending | D52: Success | E52: Grand Total
A53: Egypt | B53: 0.083609821 | C53: 0.04534395 | D53: 0.87104623 | E53: 1
A54: Kenya | B54: 0.087354409 | C54: 0.046589018 | D54: 0.86605657 | E54: 1
A55: Morocco | B55: 0.081298093 | C55: 0.049514888 | D55: 0.86918702 | E55: 1
A56: Pakistan | B56: 0.085517693 | C56: 0.05078637 | D56: 0.86369594 | E56: 1
A57: UAE | B57: 0.084562439 | C57: 0.051130777 | D57: 0.86430678 | E57: 1
A58: Grand Total | B58: 0.084266667 | C58: 0.048266667 | D58: 0.86746667 | E58: 1
A61: 5-Part 2 (KPI) Failure Reasons in Highest Risk Market
A62: MarketName | B62: All
A64: Count of TransactionID | B64: Column Labels
A65: Row Labels | B65: Failed | C65: Grand Total
A66: Card Declined | B66: 0.15031646 | C66: 0.15031646
A67: Expired Card | B67: 0.14636076 | C67: 0.14636076
A68: Fraud Suspicion | B68: 0.13449367 | C68: 0.13449367
A69: Insufficient Funds | B69: 0.14873418 | C69: 0.14873418
A70: Invalid CVV | B70: 0.12737342 | C70: 0.12737342
A71: Limit Exceeded | B71: 0.14556962 | C71: 0.14556962
A72: Network Timeout | B72: 0.1471519 | C72: 0.1471519
A73: Grand Total | B73: 1 | C73: 1
A76: 6-(KPI) GMV Share by Market
A77: Market Name | B77: GMV | C77: % of Grand Total
A78: Egypt | B78: 1.1662561e+08 | C78: 0.43217214
A79: Kenya | B79: 41884192 | C79: 0.1552076
A80: Morocco | B80: 35065340 | C80: 0.12993941
A81: Pakistan | B81: 44750242 | C81: 0.16582814
A82: UAE | B82: 31533776 | C82: 0.11685272
A83: Grand Total | B83: 2.6985916e+08 | C83: 1
A86: 1-(Chart) GMV by Market
A87: Status | B87: Success
A89: Market Name | B89: Sum of Amount
A90: UAE | B90: 26807395
A91: Pakistan | B91: 38086554
A92: Morocco | B92: 31133084
A93: Kenya | B93: 36137433
A94: Egypt | B94: 1.009787e+08
A95: Grand Total | B95: 2.3314316e+08
A97: 2-(Chart) Success Rate by Market
A98: Count of TransactionID | B98: Column Labels
A99: Market Name | B99: Failed | C99: Pending | D99: Success | E99: Grand Total
A100: Egypt | B100: 0.083609821 | C100: 0.04534395 | D100: 0.87104623 | E100: 1
A101: Kenya | B101: 0.087354409 | C101: 0.046589018 | D101: 0.86605657 | E101: 1
A102: Morocco | B102: 0.081298093 | C102: 0.049514888 | D102: 0.86918702 | E102: 1
A103: Pakistan | B103: 0.085517693 | C103: 0.05078637 | D103: 0.86369594 | E103: 1
A104: UAE | B104: 0.084562439 | C104: 0.051130777 | D104: 0.86430678 | E104: 1
A105: Grand Total | B105: 0.084266667 | C105: 0.048266667 | D105: 0.86746667 | E105: 1
A108: 3-(Chart) Merchant Count vs GMV by Market
A111: Row Labels | B111: Distinct Count of MerchantID | C111: Sum of Amount
A112: Egypt | B112: 15 | C112: 1.1662561e+08
A113: Kenya | B113: 8 | C113: 41884192
A114: Morocco | B114: 10 | C114: 35065340
A115: Pakistan | B115: 10 | C115: 44750242
A116: UAE | B116: 7 | C116: 31533776
A117: Grand Total | B117: 50 | C117: 2.6985916e+08
A119: 4-(Chart) GMV Share by Region
A120: Region | B120: GMV | C120: GMV Share
A121: East Africa | B121: 41884192 | C121: 0.1552076
A122: Middle East | B122: 31533776 | C122: 0.11685272
A123: North Africa | B123: 1.5169095e+08 | C123: 0.56211155
A124: South Asia | B124: 44750242 | C124: 0.16582814
A125: Grand Total | B125: 2.6985916e+08 | C125: 1

Sheet Measure Table - Calendar
A1: 1-(KPI) MoM GMV Growth by Month
A3: Status | B3: Success | I3: 1Kpi Latest MoM GMV Growth | J3: {=A11:C11} -> Mar | K3: 11792184 | L3: 0.038791197
I4: 2 KPI Peak Transaction Hour | J4: {=A45:B45} -> 9 | K4: 1092
A5: MonthYear | B5: GMV | C5: MoM Growth % | I5: 3 KPI Dominant Transaction Channel | J5: {=A50:B50} -> Online | K5: 0.50066667
A6: 2023 | B6: 88715050 | C6: #N/A | I6: 4 KPI Channel Avg. Transaction Value Gap | J6: =B57-B58 -> 68.181263
A7: 2024 | B7: 1.1086758e+08 | C7: #N/A | I7: 5 KPI Strongest Quarter (Q1) | J7: =GETPIVOTDATA("[Measures].[Sum of Amount]",$A$62,"[Calendar].[Quarter]","[Calendar].[Quarter].&[1]") -> 94053253
A8: 2025 | I8: 6 KPI Latest YoY GMV Growth | J8: {=A72:C73} -> January | K8: 12533848 | L8: -0.0044617778
A9: Jan | B9: 10416513 | J9: March | K9: 13372386 | L9: 0.066901903
A10: Feb | B10: 11351833 | C10: 0.089792045
A11: Mar | B11: 11792184 | C11: 0.038791197
A12: Grand Total | B12: 2.3314316e+08
A20: 2-(KPI) Transaction Volume by Hour
A21: Hour | B21: Transaction Volume
A22: 3 | B22: 34
A23: 1 | B23: 41
A24: 2 | B24: 44
A25: 4 | B25: 45
A26: 0 | B26: 62
A27: 5 | B27: 158
A28: 23 | B28: 290
A29: 6 | B29: 304
A30: 22 | B30: 455
A31: 21 | B31: 607
A32: 7 | B32: 630
A33: 20 | B33: 675
... A45: 9 | B45: 1092
A46: Grand Total | B46: 15000
A48: 3-(KPI) Transaction Share by Channel
A49: Channel | B49: of Transactions %
A50: Online | B50: 0.50066667
A51: POS | B51: 0.49933333
A52: Grand Total | B52: 1
A55: 4-(KPI) Average Transaction Value by Channel
A56: Channel | B56: Average Transaction Value
A57: Online | B57: 18024.656
A58: POS | B58: 17956.475
A59: Grand Total | B59: 17990.611
A61: 5-(KPI) GMV by Quarter
A62: Quarter | B62: GMV
A63: 1 | B63: 94053253
A64: 2 | B64: 61194461
A65: 4 | B65: 57672534
A66: 3 | B66: 56938913
A67: Grand Total | B67: 2.6985916e+08
A69: 6-(KPI) YoY GMV Growth by Month
A70: Month | B70: GMV | C70: YoY Growth
A71: February | B71: 12590022
A72: January | B72: 12533848 | C72: -0.0044617778
A73: March | B73: 13372386 | C73: 0.066901903
A74: Grand Total | B74: 38496256
AR77: Status | AS77: Success
AR78: 6-(KPI) YoY GMV Growth by Month
AR79: Month | AS79: GMV | AT79: Sum of Amount
AR80: 2023 | AS80: 88715050
AR81: 2024 | AS81: 1.1086758e+08 | AT81: 0.24970435
AR82: 2025
AR83: Qtr1
AR84: Jan | AS84: 10416513
AR85: Feb
AR86: 45689 | AS86: 11351833
A87: 1-(Chart) GMV Trend by Month | AR87: Mar
A88: MonthYear | B88: GMV | AR88: 45717 | AS88: 11792184
A89: 2023 | B89: 1.0252974e+08 | AR89: Grand Total | AS89: 2.3314316e+08
A90: 2024 | B90: 1.2883316e+08
A91: 2025 | B91: 38496256
A92: Grand Total | B92: 2.6985916e+08
A94: 2-(Chart) Transaction Volume by Hour of Day
A95: Hour | B95: Count of TransactionID
A96: 0 | B96: 62
A97: 1 | B97: 41
A98: 2 | B98: 44
A99: 3 | B99: 34
A100: 4 | B100: 45
A101: 5 | B101: 158
A102: 6 | B102: 304
A103: 7 | B103: 630
A104: 8 | B104: 912
A105: 9 | B105: 1092
A106: 10 | B106: 1058
A107: 11 | B107: 981
... A119: 23 | B119: 290
A120: Grand Total | B120: 15000
A126: 3-(Chart) Channel Split Over Time
A127: Count of TransactionID | B127: Column Labels
A128: MonthYear | B128: Online | C128: POS | D128: Grand Total
A129: 2023 | B129: 3354 | C129: 3318 | D129: 6672
A130: 2024 | B130: 3328 | C130: 3316 | D130: 6644
A131: 2025 | B131: 828 | C131: 856 | D131: 1684
A132: Grand Total | B132: 7510 | C132: 7490 | D132: 15000
A135: 4-(Chart) GMV by Quarter Across Years
A137: MonthYear | B137: 2023 | C137: 2024 | D137: 2025 | E137: Grand Total
A138: 1 | B138: 25241399 | C138: 30315598 | D138: 38496256 | E138: 94053253
A139: 2 | B139: 27806335 | C139: 33388126 | E139: 61194461
A140: 3 | B140: 25148012 | C140: 31790901 | E140: 56938913
A141: 4 | B141: 24333997 | C141: 33338537 | E141: 57672534
A142: Grand Total | B142: 1.0252974e+08 | C142: 1.2883316e+08 | D142: 38496256 | E142: 2.6985916e+08

Sheet Measure Table - Transaction
A1: Successful GMV | B1: =SUMIF(Transactions!F2:F15001,"Success",Transactions!E2:E15001) -> 2.3314316e+08 | E1: Failure Reason | F1: Count Formula
A2: Transaction Success Rate | B2: =COUNTIF(Transactions!F5:F15004,"Success")/COUNTA(Transactions!F5:F15004) -> 0.86744015 | E2: Card Declined | F2: =COUNTIF(Transactions!H2:H15001,"Card Declined") -> 190
A3: Failed Transactions | B3: =COUNTIF(Transactions!F2:F15001,"Failed") -> 1264 | E3: Insufficient Funds | F3: =COUNTIFS(Transactions!$H$2:$H$15001,H3) -> 0
A4: Avg. Successful Transaction Value | B4: =AVERAGEIF(Transactions!F2:F15001,"Success",Transactions!E2:E15001) -> 17917.55 | E4: Network Timeout | F4: =COUNTIFS(Transactions!$H$2:$H$15001,H4) -> 0
A5: Top Failure Reason | B5: =INDEX(E1:E8, MATCH(MAX(F1:F8), F1:F8, 0)) -> Card Declined | E5: Expired Card | F5: =COUNTIFS(Transactions!$H$2:$H$15001,H5) -> 0
A6: Pending Transaction Rate | B6: =GETPIVOTDATA("Status",$A$36,"Status","Pending")/GETPIVOTDATA("Status",$A$36) -> 0.048266667 | E6: Limit Exceeded | F6: =COUNTIFS(Transactions!$H$2:$H$15001,H6) -> 0 | K6: =COUNTIF(Transactions!F2:F15001,"Success")/COUNTA(Transactions!F2:F15001) -> 0.86746667
E7: Fraud Suspicion | F7: =COUNTIFS(Transactions!$H$2:$H$15001,H7) -> 0
E8: Invalid CVV | F8: =COUNTIFS(Transactions!$H$2:$H$15001,H8) -> 0
A23: Row Labels | B23: Count of FailureReason
A24: Card Declined | B24: 190
A25: Expired Card | B25: 185
A26: Fraud Suspicion | B26: 170
A27: Insufficient Funds | B27: 188
A28: Invalid CVV | B28: 161
A29: Limit Exceeded | B29: 184
A30: Network Timeout | B30: 186
A31: (blank)
A32: Grand Total | B32: 1264
A34: Status | B34: Count of Status
A35: Failed | B35: 0.084266667
A36: Pending | B36: 0.048266667
A37: Success | B37: 0.86746667
A38: Grand Total | B38: 1
A40: 1-GMV Growth Over Time
A41: Row Labels | B41: Sum of Amount
A42: 2023 | B42: 1.0252974e+08
A43: 2024 | B43: 1.2883316e+08
A44: 2025 | B44: 38496256
A45: Grand Total | B45: 2.6985916e+08
A49: 2-Success Rate by Payment Method
A50: Count of TransactionID | B50: Column Labels
A51: Row Labels | B51: Success | C51: Grand Total
A52: Bank Transfer | B52: 0.25376575 | C52: 0.25376575
A53: BNPL | B53: 0.22901937 | C53: 0.22901937
A54: Card | B54: 0.25322779 | C54: 0.25322779
A55: Wallet | B55: 0.26398709 | C55: 0.26398709
A56: Grand Total | B56: 1 | C56: 1
A59: Row Labels | B59: Sum of Amount
A60: MKT005 | B60: 0.12993941
A61: MKT004 | B61: 0.11685272
A62: MKT003 | B62: 0.1552076
A63: MKT002 | B63: 0.16582814
A64: MKT001 | B64: 0.43217214
A65: Grand Total | B65: 1
A67: 3-Transaction Failure Reasons
A68: Row Labels | B68: Count of TransactionID
A69: Card Declined | B69: 190
A70: Expired Card | B70: 185
A71: Fraud Suspicion | B71: 170
A72: Insufficient Funds | B72: 188
A73: Invalid CVV | B73: 161
A74: Limit Exceeded | B74: 184
A75: Network Timeout | B75: 186
A76: Grand Total | B76: 1264
A79: 4-Successful GMV by Market
A80: Status | B80: Success
A82: Row Labels | B82: Sum of Amount
A83: MKT001 | B83: 1.009787e+08
A84: MKT002 | B84: 38086554
A85: MKT003 | B85: 36137433
A86: MKT004 | B86: 26807395
A87: MKT005 | B87: 31133084
A88: Grand Total | B88: 2.3314316e+08
A91: 5-Total GMV by Market
A92: Row Labels | B92: Sum of Amount
A93: MKT001 | B93: 1.1662561e+08
A94: MKT002 | B94: 44750242
A95: MKT003 | B95: 41884192
A96: MKT004 | B96: 31533776
A97: MKT005 | B97: 35065340
A98: Grand Total | B98: 2.6985916e+08
A103: Status | B103: Success
A104: 5-Total GMV by Market
A105: Row Labels | B105: Sum of Amount
A106: MKT001 | B106: 1.009787e+08
A107: MKT002 | B107: 38086554
A108: MKT003 | B108: 36137433
A109: MKT004 | B109: 26807395
A110: MKT005 | B110: 31133084
A111: Grand Total | B111: 2.3314316e+08

Sheet DashBoard - Merchants  
A1: Paymob | C1: Merchants Performance Dashboard
C5: Active Merchants | H5: Merchant Churn Rate | M5: Avg. Days Since Last Transaction
C7: =COUNTIF(Merchants[RiskFlag],"Active") -> 27 | H7: ='Measure Table - Merchants'!B2 -> 0.24 | M7: =AVERAGE(Merchants[DaysSinceLastTransaction]) -> 56.24
C11: At-Risk & High-Risk Merchants | H11: Average Active Merchant Tenure | M11: Top Merchant Industry
C13: ='Measure Table - Merchants'!B4 -> 6.1 | H13: =AVERAGEIF(Merchants[RiskFlag],"Active",Merchants[Merchant Tenure]) -> 495.51852 | M13: ='Measure Table - Merchants'!B6 -> 16

Sheet DashBoard - Markets 
A1: Paymob | C1: Markets Performance Dashboard
C5: Top Market by Successful GMV (EGYPT) | H5: Top Market Success Rate | M5: Merchant Count–GMV Correlation
C7: ='Measure Table - Markets'!K2 -> 1.009787e+08 | H7: ='Measure Table - Markets'!K3 -> 0.86685851 | M7: ='Measure Table - Markets'!K4 -> 0.93051858
C11: Highest Avg. Transaction Value (EGYPT) | H11: Highest Market Failure Rate (Kenya) | M11: Largest Market GMV Share (EGYPT)
C13: ='Measure Table - Markets'!K5 -> 25642.127 | H13: ='Measure Table - Markets'!K6 -> 0.087354409 | M13: ='Measure Table - Markets'!K7 -> 0.43217214

Sheet DashBoard - Calendar
A1: Paymob | C1: Calendar Performance Dashboard
C5: Latest MoM Growth (MARCH) | H5: Peak Transaction Hour | M5: KPI Dominant Transaction Channel (Online)
C7: ='Measure Table - Calendar'!L3 -> 0.038791197 | H7: ='Measure Table - Calendar'!K4 -> 1092 | M7: ='Measure Table - Calendar'!K5 -> 0.50066667
C11: Channel Avg. Transaction Value Gap | H11: Strongest Quarter (Q1) | M11: Latest YoY Growth (MARCH)
C13: ='Measure Table - Calendar'!J6 -> 68.181263 | H13: ='Measure Table - Calendar'!J7 -> 94053253 | M13: ='Measure Table - Calendar'!L9 -> 0.066901903

Sheet DashBoard - Transaction 
A1: Paymob | C1: Transaction Performance Dashboard
C5: Successful GMV | H5: Transaction Success Rate | M5: Failed Transactions
C7: =SUMIF(Transactions!F2:F15001,"Success",Transactions!E2:E15001) -> 2.3314316e+08 | H7: =COUNTIF(Transactions!F5:F15004,"Success")/COUNTA(Transactions!F5:F15004) -> 0.86744015 | M7: =COUNTIF(Transactions!F2:F15001,"Failed") -> 1264
C11: Top Failure Reason | H11: Pending Transaction Rate | M11: Avg. Successful Transaction Value
C13: ='Measure Table - Transaction'!B5 -> Card Declined | H13: ='Measure Table - Transaction'!B6 -> 0.048266667 | M13: ='Measure Table - Transaction'!B4 -> 17917.55
